DATE,LATITUDE,LONGITUDE,DEPTH,GAP,MAGNITUDE,MAGTYPE,DMIN,RMS,PLACE,TSUNAMI
1901-08-09 18:33:00.000,40,144,0,,7.5,mw,,,"off the east coast of Honshu, Japan",1
1905-09-08 01:43:02.000,38.636,15.784,15,,7.2,mw,,,"Sicily, Italy",1
1906-01-31 15:36:10.000,0.955,-79.369,20,,8.8,mw,,,1906 Ecuador-Colombia Earthquake,1
1906-09-14 16:04:43.000,-6.249,147.281,35,,8,mw,,,"eastern New Guinea region, Papua New Guinea",1
1907-01-04 05:19:11.000,1.873,94.209,15,,7.8,mw,,,off the west coast of northern Sumatra,1
1914-05-26 14:22:47.000,-1.829,136.943,15,,8.1,mw,,,"Biak region, Indonesia",1
1917-05-01 18:26:20.000,-31.08,-176.461,15,,8.2,mw,,,Kermadec Islands region,1
1918-08-15 12:18:21.000,5.967,124.377,20,,8.3,mw,,,"Mindanao, Philippines",1
1918-11-08 04:38:09.000,44.893,151.896,15,,7.8,mw,,,east of the Kuril Islands,1
1918-12-04 11:47:50.000,-26.538,-70.608,40,,7.8,mw,,,"Atacama, Chile",1
1919-04-30 07:17:17.000,-18.352,-172.515,25,,8.1,mw,,,Tonga region,1
1923-02-03 16:01:50.000,54.486,160.472,15,,8.4,mw,,,"near the east coast of the Kamchatka Peninsula, Russia",1
1923-09-01 02:58:35.000,35.413,139.298,15,,8.1,mw,,,"near the south coast of Honshu, Japan",1
1923-09-02 02:46:41.000,35.007,139.926,15,,7.8,mw,,,"near the south coast of Honshu, Japan",1
1926-09-16 17:59:12.000,-9.504,159.451,15,,7.1,mw,,,Solomon Islands,1
1927-08-05 21:12:58.000,37.631,142.217,35,,7,mw,,,"off the east coast of Honshu, Japan",1
1927-08-18 19:27:55.000,34.463,141.469,20,,6.9,mw,,,"off the east coast of Honshu, Japan",1
1928-05-27 09:50:29.000,39.916,142.819,35,,7.2,mw,,,"near the east coast of Honshu, Japan",1
1928-06-17 03:19:34.000,16.182,-96.585,20,,7.9,mw,,,"Oaxaca, Mexico",1
1929-03-07 01:34:42.000,50.852,-169.753,15,,7.8,mw,,,south of the Aleutian Islands,1
1931-03-09 03:49:00.000,40.572,142.398,35,,7.8,mw,,,"near the east coast of Honshu, Japan",1
1931-10-03 19:13:22.000,-11.117,161.11,15,,7.9,mw,,,Solomon Islands,1
1931-11-02 10:03:04.000,31.899,132.009,35,,7.5,mw,,,"southeast of Shikoku, Japan",1
1932-06-03 10:36:56.000,19.786,-103.784,15,,8.1,mw,,,"Jalisco, Mexico",1
1932-06-22 12:59:31.000,19.373,-104.224,25,,7.7,mw,,,"Jalisco, Mexico",1
1933-03-02 17:31:00.000,39.209,144.59,15,,8.4,mw,,,"1933 Sanriku (Sanriku-oki) Earthquake, Japan",1
1933-06-18 21:37:36.000,38.083,142.484,30,,7.2,mw,,,"near the east coast of Honshu, Japan",1
1934-11-30 02:05:16.000,18.499,-105.276,15,,7.1,mw,,,"offshore Jalisco, Mexico",1
1935-10-18 00:12:00.000,40.235,144.011,15,,7.1,mw,,,"off the east coast of Honshu, Japan",1
1936-04-01 02:09:28.000,4.241,126.368,35,,7.8,mw,,,"Kepulauan Talaud, Indonesia",1
1936-07-13 11:12:18.000,-24.72,-70.11,35,,7.5,mw,,,"Antofagasta, Chile",1
1938-06-10 09:53:43.000,25.143,125.273,20,,7.7,mw,,,"southwestern Ryukyu Islands, Japan",1
1938-11-05 08:43:24.000,36.966,142.09,35,,7.8,mw,,,"off the east coast of Honshu, Japan",1
1938-11-05 10:50:18.000,37.166,142.221,35,,7.7,mw,,,"off the east coast of Honshu, Japan",1
1938-11-06 08:53:55.000,37.393,142.303,30,,7.7,mw,,,"off the east coast of Honshu, Japan",1
1938-11-06 21:38:48.000,37.019,142.43,25,,7.6,mw,,,"off the east coast of Honshu, Japan",1
1938-11-10 20:18:49.000,55.178,-158.181,35,,8.23,mw,,,Alaska Peninsula,1
1938-11-13 22:31:31.000,36.498,142.954,35,,6.9,mw,,,"off the east coast of Honshu, Japan",1
1939-03-20 03:22:27.000,32.508,131.692,25,,6.7,mw,,,"Kyushu, Japan",1
1939-05-08 01:46:52.000,37.166,-24.344,10,,6.7,mw,,,Azores Islands region,1
1939-12-26 23:57:23.000,39.771,39.577,20,,7.8,mw,,,eastern Turkey,1
1940-08-01 15:08:25.000,44.527,139.489,15,,7.5,mw,,,eastern Sea of Japan,1
1941-01-13 16:27:44.000,-4.175,152.071,15,,7.4,mw,,,"New Britain region, Papua New Guinea",1
1941-06-26 11:52:03.000,12.017,92.575,20,,7.6,mw,,,"Andaman Islands, India region",1
1941-11-18 16:46:32.000,32.095,131.949,35,,7.9,mw,,,"Kyushu, Japan",1
1943-06-13 05:11:42.000,40.982,143.315,35,,7.2,mw,,,"off the east coast of Honshu, Japan",1
1944-12-07 04:35:45.000,33.682,136.204,15,,8.1,mw,,,"near the south coast of western Honshu, Japan",1
1946-12-20 19:19:10.000,33.116,135.895,15,,8.3,mw,,,"1946 Nankai Earthquake, Japan",1
1947-11-04 00:09:14.000,44.01,140.78,15,,7,mw,,,eastern Sea of Japan,1
1948-02-09 12:58:18.000,35.631,27.153,15,,7.3,mw,,,"Dodecanese Islands, Greece",1
1948-04-17 16:11:32.000,33.145,135.706,15,,7.2,mw,,,"near the south coast of western Honshu, Japan",1
1948-04-22 10:42:47.000,38.532,20.425,15,,6.5,mw,,,Greece,1
1952-03-04 01:22:49.000,42.084,143.899,45,,8.1,mw,,,"Hokkaido, Japan region",1
1952-11-04 16:58:30.000,52.623,159.779,21.6,,9,mw,,,"off the east coast of the Kamchatka Peninsula, Russia",1
1953-11-25 17:48:55.000,34.006,141.625,25,,7.9,mw,,,"off the east coast of Honshu, Japan",1
1956-03-05 23:29:46.000,44.323,144.2,20,,6.3,mw,,,"Hokkaido, Japan region",1
1957-03-09 14:22:33.000,51.499,-175.626,25,,8.6,mw,,,"Andreanof Islands, Aleutian Islands, Alaska",1
1958-01-19 14:07:28.000,1.011,-79.489,27.5,,7.6,mw,,,near the coast of Ecuador,1
1958-11-06 22:58:09.000,44.479,148.485,35,,8.3,mw,,,Kuril Islands,1
1959-01-22 05:10:32.000,37.492,142.33,35,,7,mw,,,"off the east coast of Honshu, Japan",1
1960-03-20 17:07:31.000,39.869,143.228,15,,8,mw,,,"off the east coast of Honshu, Japan",1
1960-03-23 00:23:28.000,39.635,143.316,15,,7,mw,,,"off the east coast of Honshu, Japan",1
1960-05-22 19:11:20.000,-38.143,-73.407,25,,9.5,mw,,,1960 Great Chilean Earthquake (Valdivia Earthquake),1
1960-07-29 17:31:44.000,40.341,142.335,53.4,,6.8,mw,,,"near the east coast of Honshu, Japan",1
1961-01-16 07:20:13.000,36.121,141.758,30,,7.2,mw,,,"near the east coast of Honshu, Japan",1
1961-01-16 12:12:30.000,36.226,141.815,30,,7,mw,,,"near the east coast of Honshu, Japan",1
1961-02-12 21:53:46.000,43.823,147.697,38.1,,6.9,mw,,,Kuril Islands,1
1961-07-18 14:03:41.000,29.692,131.683,30.6,,7,mw,,,"southeast of the Ryukyu Islands, Japan",1
1961-08-11 15:51:36.000,43.056,145.101,43.9,,7.1,mw,,,"Hokkaido, Japan region",1
1962-04-12 00:52:44.000,38.022,142.789,28,,7.3,mw,,,"near the east coast of Honshu, Japan",1
1962-04-23 05:58:13.000,42.506,143.734,60,,7.1,mw,,,"Hokkaido, Japan region",1
1962-05-11 14:11:54.000,16.96,-99.741,25,,7,mw,,,"Guerrero, Mexico",1
1963-10-13 05:17:59.000,44.872,149.483,35,,8.5,mw,,,Kuril Islands,1
1964-05-07 07:58:15.000,40.328,138.969,20,,7,mw,,,eastern Sea of Japan,1
1964-06-16 04:01:43.000,38.399,139.29,15,,7.6,mw,,,"near the west coast of Honshu, Japan",1
1964-07-24 08:12:41.000,47.112,153.851,30,,6.8,mw,,,Kuril Islands,1
1964-12-10 15:11:07.000,40.41,139.128,30,,6.3,mw,,,"near the west coast of Honshu, Japan",1
1965-01-24 00:11:17.000,-2.608,125.952,20,,8.2,mw,,,"Kepulauan Sula, Indonesia",1
1965-02-04 05:01:22.000,51.251,178.715,30.3,,8.7,mw,,,"Rat Islands, Aleutian Islands, Alaska",1
1965-03-30 02:27:03.400,50.32,177.93,20,,7.65,mw,,,"Rat Islands, Aleutian Islands, Alaska",1
1965-07-02 20:58:40.000,52.99,-167.739,45,,7.8,mw,,,"Fox Islands, Aleutian Islands, Alaska",1
1965-08-11 22:31:51.000,-15.861,167.092,30,,7.6,mw,,,Vanuatu,1
1966-10-17 21:42:00.000,-10.665,-78.228,40,,8.1,mw,,,near the coast of central Peru,1
1966-12-31 18:23:09.000,-12.091,166.552,55,,7.8,mw,,,Santa Cruz Islands,1
1968-01-29 10:19:07.000,43.566,146.741,36.9,,7.4,mw,,,Kuril Islands,1
1968-02-19 22:45:45.000,39.368,24.957,15,,7.2,mw,,,Aegean Sea,1
1968-04-01 00:42:07.000,32.449,132.269,34.2,,7.5,mw,,,"Shikoku, Japan",1
1968-05-16 00:49:02.000,40.86,143.435,29.9,,8.2,mw,,,"off the east coast of Honshu, Japan",1
1968-05-16 10:39:02.000,41.43,142.864,25,,7.9,mw,,,"Hokkaido, Japan region",1
1968-08-01 20:19:22.000,16.316,122.067,25,,7.6,mw,,,"Luzon, Philippines",1
1968-08-10 02:07:06.000,1.514,126.234,23,,7.6,mw,,,Molucca Sea,1
1969-02-23 00:36:58.000,-3.201,118.904,15,,7,mw,,,"Sulawesi, Indonesia",1
1969-02-28 02:40:32.000,36.033,-10.613,10,,7.8,mw,,,Azores-Cape St. Vincent Ridge,1
1969-04-21 07:19:28.000,32.15,131.938,38.6,,7,mw,,,"Kyushu, Japan",1
1969-08-11 21:27:35.000,43.424,147.859,30,,8.2,mw,,,Kuril Islands,1
1969-12-25 21:32:31.000,15.648,-59.694,20,,7.2,mw,,,"east of Dominica, Leeward Islands",1
1970-03-11 22:38:36.000,57.399,-154.058,39,,6,mw,,,"Kodiak Island region, Alaska",1
1970-05-31 20:23:29.000,-9.183,-78.737,45,,7.9,mw,,,near the coast of northern Peru,1
1970-07-25 22:41:14.000,32.053,131.782,45,,7,mw,,,"Kyushu, Japan",1
1971-07-09 03:03:20.000,-32.601,-71.076,60.3,,7.8,mw,,,"Valparaiso, Chile",1
1971-07-14 06:11:30.000,-5.524,153.85,40,,8,mw,,,"New Ireland region, Papua New Guinea",1
1971-07-26 01:23:22.000,-4.817,153.172,40,,8.1,mw,,,"New Ireland region, Papua New Guinea",1
1971-09-05 18:35:30.000,46.505,141.199,18.1,,7.3,mw,,,"Sakhalin, Russia",1
1971-09-06 13:37:11.000,46.756,141.524,19.2,,6.1,mw,,,"Sakhalin, Russia",1
1971-09-08 11:48:27.000,46.399,141.18,17.5,,6.8,mw,,,"Sakhalin, Russia",1
1971-09-08 16:59:55.000,46.264,141.07,20,,6.5,mw,,,"Sakhalin, Russia",1
1971-09-27 19:01:47.000,46.347,141.144,18.4,,6.6,mw,,,"Sakhalin, Russia",1
1972-08-17 23:44:09.000,-6.05,152.932,20,,7.5,mw,,,"New Britain region, Papua New Guinea",1
1972-12-04 10:16:12.000,33.362,140.827,55,,7.4,mw,,,"Izu Islands, Japan region",1
1973-01-30 21:01:12.500,18.481,-102.996,43,,7.5,ms,,,"Michoacan, Mexico",1
1973-02-28 06:37:49.500,50.486,156.584,27,,7.2,ms,,,Kuril Islands,1
1973-06-17 03:55:02.900,43.233,145.785,48,,7.7,ms,,,"Hokkaido, Japan region",1
1973-06-24 02:43:25.500,43.318,146.442,50,,7.1,ms,,,Kuril Islands,1
1973-10-05 05:47:51.100,-32.518,-71.478,33,,6.7,ms,,,"offshore Valparaiso, Chile",1
1974-01-31 23:30:05.300,-7.461,155.894,34,,7,ms,,,Solomon Islands,1
1974-02-01 03:12:33.100,-7.383,155.575,40,,7.1,ms,,,Solomon Islands,1
1974-09-27 05:47:29.400,43.176,146.651,43,,6.7,ms,,,Kuril Islands,1
1975-05-26 09:11:51.500,35.997,-17.649,33,,7.9,ms,,,Azores-Cape St. Vincent Ridge,1
1975-06-10 13:47:14.500,43.024,147.734,15,,7,ms,,,Kuril Islands,1
1975-07-20 14:37:39.900,-6.59,155.054,49,,7.9,ms,,,"Bougainville region, Papua New Guinea",1
1975-12-26 15:56:38.700,-16.264,-172.467,33,,7.8,ms,,,Samoa Islands region,1
1976-01-14 16:47:33.500,-28.427,-177.657,33,,8,ms,,,Kermadec Islands region,1
1976-01-21 10:05:24.100,44.915,149.123,41,,7,ms,,,Kuril Islands,1
1976-02-04 09:01:43.400,15.324,-89.101,5,,7.5,mw,,,Guatemala,1
1977-04-02 07:15:22.700,-16.696,-172.095,33,,7.6,ms,,,Samoa Islands region,1
1977-04-20 23:42:50.500,-9.89,160.348,19,,7.5,ms,,,Solomon Islands,1
1977-04-20 23:49:13.100,-9.844,160.822,33,,7.5,ms,,,Solomon Islands,1
1977-08-19 06:08:55.000,-11.164,118.378,25,,8.3,mw,,,"south of Sumbawa, Indonesia",1
1978-03-22 00:50:32.200,44.026,149.002,33,,6.7,ms,,,Kuril Islands,1
1978-03-22 21:34:33.400,44.14,149.029,33,,6.6,ms,,,Kuril Islands,1
1978-03-23 00:31:02.100,44.209,148.971,46,,6.8,ms,,,Kuril Islands,1
1978-03-23 03:15:20.300,44.932,148.439,33,,7.5,ms,,,Kuril Islands,1
1978-03-24 19:47:50.700,44.244,148.862,33,,7.6,ms,,,Kuril Islands,1
1978-06-12 08:14:26.400,38.19,142.028,44,,7.7,ms,,,"near the east coast of Honshu, Japan",1
1978-08-14 14:17:50.400,36.63,-6.871,30,,5,mb,,,Strait of Gibraltar,1
1979-02-20 06:32:32.200,40.232,143.703,10,,6.4,ms,,,"off the east coast of Honshu, Japan",1
1979-03-14 11:07:16.300,17.813,-101.276,49,,7.6,ms,,,"Guerrero, Mexico",1
1979-04-15 06:19:44.100,42.096,19.209,10,,6.9,ms,,1.1,Montenegro,1
1979-09-12 05:17:51.400,-1.679,136.04,5,,7.9,ms,,,"Biak region, Indonesia",1
1979-12-12 07:59:03.300,1.598,-79.358,24,,7.7,ms,,,near the coast of Ecuador,1
1980-02-23 05:51:03.200,43.53,146.753,44,,7,ms,,,Kuril Islands,1
1980-06-29 07:20:05.500,34.808,139.181,15,,6.2,ms,,,"near the south coast of Honshu, Japan",1
1980-07-17 19:42:23.200,-12.525,165.916,33,,7.9,ms,,,Santa Cruz Islands,1
1981-02-24 20:53:38.470,38.222,22.934,33,,6.7,ms,,1.2,Greece,1
1981-05-25 05:25:14.460,-48.786,164.357,33,,7.6,ms,,1.2,off the west coast of the South Island of New Zealand,1
1981-09-01 09:29:31.540,-14.96,-173.085,25,,7.7,ms,,1.2,Samoa Islands region,1
1981-10-25 03:22:15.570,18.048,-102.084,33,,7.3,ms,,1.2,"Guerrero, Mexico",1
1983-06-09 12:49:03.860,40.237,139.023,30.6,,6,mw,,0.9,"near the west coast of Honshu, Japan",1
1983-08-17 10:55:54.130,55.867,161.287,62.6,,7.1,mw,,1.2,"near the east coast of the Kamchatka Peninsula, Russia",1
1984-02-11 08:02:51.500,38.396,22.094,28.7,,5.6,mw,,1.2,Greece,1
1984-03-24 09:44:02.600,44.117,148.192,44.4,,7.2,mw,,1.2,Kuril Islands,1
1984-06-13 02:29:25.330,31.448,140.036,40.6,,5.7,mw,,1.4,"Izu Islands, Japan region",1
1985-03-03 22:47:07.280,-33.135,-71.871,33,,8,mw,,1,"offshore Valparaiso, Chile",1
1985-03-16 14:54:00.720,17.013,-62.448,13.4,,6.5,mw,,1,"Saint Kitts and Nevis region, Leeward Islands",1
1985-09-19 13:17:47.350,18.19,-102.533,27.9,,8,mw,,1.3,"Michoacan, Mexico",1
1985-09-21 01:37:13.470,17.802,-101.647,30.8,,7.6,mw,,1.2,"Guerrero, Mexico",1
1986-05-07 22:47:10.870,51.52,-174.776,33,,8,mw,,1.1,"Andreanof Islands, Aleutian Islands, Alaska",1
1987-02-06 13:16:17.890,36.988,141.689,47.7,,6.8,mw,,1,"near the east coast of Honshu, Japan",1
1987-02-08 18:33:58.390,-6.088,147.689,54.9,,7.4,ms,,1.3,"eastern New Guinea region, Papua New Guinea",1
1987-03-05 09:17:05.280,-24.388,-70.161,62.3,,7.6,mw,,1.2,"Antofagasta, Chile",1
1987-03-18 03:36:30.330,32.034,131.837,54,,6.7,mw,,1.2,"Kyushu, Japan",1
1987-03-24 12:49:47.020,37.447,137.865,23.3,,5.7,mw,,1.1,"near the west coast of Honshu, Japan",1
1987-10-06 04:19:06.080,-17.94,-172.225,16,,7.3,mw,,1,Tonga region,1
1987-10-12 13:57:04.790,-7.288,154.371,24.7,,7,mw,,1.1,"Bougainville region, Papua New Guinea",1
1987-10-16 20:48:01.640,-6.266,149.06,47.8,,7.4,mw,,1.2,"New Britain region, Papua New Guinea",1
1987-11-30 19:23:19.590,58.679,-142.786,10,,7.9,mw,,,Gulf of Alaska,1
1988-02-05 14:01:02.750,-24.753,-70.433,36.9,,7.2,mw,,1.1,"Antofagasta, Chile",1
1988-03-06 22:35:38.140,56.953,-143.032,10,,7.8,mw,,,Gulf of Alaska,1
1988-06-24 02:06:26.310,18.606,121.013,53.4,,5.7,mw,,1,"Luzon, Philippines",1
1988-07-05 20:32:07.200,-5.964,148.78,53.4,,6.8,mw,,1,"New Britain region, Papua New Guinea",1
1988-08-10 04:38:26.170,-10.366,160.819,34,,7.6,mw,,1.5,Solomon Islands,1
1989-09-04 13:14:58.250,55.543,-156.835,11.4,,7.1,mw,,1.2,south of Alaska,1
1989-10-18 00:04:15.190,37.0361667,-121.8798333,17.214,89,6.9,mh,0.008108,0.08,"Loma Prieta, California Earthquake",1
1989-10-29 05:25:38.270,39.571,143.333,9.6,,6.9,mw,,1,"off the east coast of Honshu, Japan",1
1990-02-08 07:15:32.230,9.755,124.694,25.9,,6.8,mw,,1.4,"Bohol, Philippines",1
1990-02-20 06:53:39.890,34.706,139.252,14.2,,6.4,mw,,1.3,"near the south coast of Honshu, Japan",1
1990-03-25 13:22:55.600,9.919,-84.808,22.2,,7.3,mw,,1.1,Costa Rica,1
1990-04-05 21:12:35.550,15.125,147.596,11.4,,7.6,mw,,1.2,Mariana Islands region,1
1990-09-23 21:13:07.460,33.267,138.643,10,,6.5,mw,,1.3,"Izu Islands, Japan region",1
1990-12-13 00:24:25.710,37.3,15.438,11.1,,5.6,mw,,1.4,"Sicily, Italy",1
1990-12-13 19:50:17.880,23.722,121.627,10,,6.7,mw,,1.1,Taiwan,1
1991-02-09 16:18:58.370,-9.929,159.139,10,,6.9,mw,,1.1,Solomon Islands,1
1991-02-16 01:23:40.440,48.268,154.328,38.9,,6.1,mw,,0.9,Kuril Islands,1
1991-02-21 02:35:34.050,58.427,-175.45,20.2,,6.7,mw,,1,Bering Sea,1
1991-04-22 21:56:51.820,9.685,-83.073,10,,7.6,mw,,1.2,Costa Rica,1
1991-10-14 15:58:12.790,-9.094,158.442,23.4,,7.2,mw,,1.3,Solomon Islands,1
1992-04-25 18:06:05.180,40.3353333,-124.2286667,9.856,115,7.2,mh,0.1072,0.07,"20km SSW of Rio Dell, California",1
1992-05-17 10:15:31.310,7.191,126.762,33,,7.3,mwb,,1.1,"Mindanao, Philippines",1
1992-09-02 00:16:01.690,11.742,-87.34,44.8,,7.7,mw,,1.3,near the coast of Nicaragua,1
1992-12-12 05:29:26.350,-8.48,121.896,27.7,,7.8,mw,,1.4,"Flores region, Indonesia",1
1993-02-07 13:27:42.010,37.634,137.245,10.6,,6.6,mwb,,0.9,"near the west coast of Honshu, Japan",1
1993-06-08 13:03:36.480,51.218,157.829,70.6,,7.5,mw,,1,"near the east coast of the Kamchatka Peninsula, Russia",1
1993-07-12 13:17:11.960,42.851,139.197,16.7,,7.7,mw,,1,"Hokkaido, Japan region",1
1993-08-07 19:42:41.910,41.985,139.839,13.8,,6.5,mwb,,0.9,"Hokkaido, Japan region",1
1993-08-08 08:34:24.930,12.982,144.801,59.3,,7.8,mw,,1.1,Guam region,1
1993-11-13 01:18:04.180,51.934,158.647,34,,7,mw,,1,"near the east coast of the Kamchatka Peninsula, Russia",1
1994-01-21 02:24:29.960,1.015,127.733,19.9,,7,mwb,,1.2,"Halmahera, Indonesia",1
1994-04-08 01:10:40.840,40.608,143.683,13.3,,6.4,mwb,,1,"off the east coast of Honshu, Japan",1
1994-06-02 18:17:34.020,-10.477,112.835,18.4,,7.8,mw,,1.1,"south of Java, Indonesia",1
1994-06-03 21:06:59.880,-10.362,112.892,25.9,,6.6,mw,,1.2,"south of Java, Indonesia",1
1994-06-05 01:45:02.160,-10.349,113.398,25.9,,6.1,mw,,1.3,"south of Java, Indonesia",1
1994-09-01 15:15:48.310,40.4055,-126.3028333,4.972,271,7,mw,1.504,0.34,off the coast of Northern California,1
1994-10-04 13:22:55.840,43.773,147.321,14,,8.3,mw,,0.9,Kuril Islands,1
1994-10-08 21:44:07.210,-1.258,127.98,16.6,,6.8,mwb,,1.2,"Kepulauan Obi, Indonesia",1
1994-10-09 07:55:39.580,43.905,147.916,33,,7.3,mw,,0.9,Kuril Islands,1
1994-11-14 19:15:30.660,13.525,121.067,31.5,,7.1,mw,,1.1,"Mindoro, Philippines",1
1994-12-28 12:19:23.030,40.525,143.419,26.5,,7.8,mw,,1.1,"off the east coast of Honshu, Japan",1
1995-01-16 20:46:52.120,34.583,135.018,21.9,,6.9,mw,,1,"near the south coast of western Honshu, Japan",1
1995-04-07 22:06:56.890,-15.199,-173.529,21.2,,7.4,mw,,1.1,Tonga,1
1995-04-21 00:34:46.090,12.059,125.58,20.7,,7.2,mw,,1.2,"Samar, Philippines",1
1995-04-21 05:17:01.330,12.047,125.92,27.4,,6.8,mw,,1.1,"Samar, Philippines",1
1995-05-16 20:12:44.220,-23.008,169.9,20.2,,7.7,mw,,1.3,southeast of the Loyalty Islands,1
1995-05-27 13:03:52.650,52.629,142.827,11,,7.1,mwb,,0.9,"Sakhalin, Russia",1
1995-07-30 05:11:23.630,-23.34,-70.294,45.6,,8,mw,,1.1,"Antofagasta, Chile",1
1995-08-16 10:27:28.630,-5.799,154.178,30.1,,7.7,mw,,1.3,"Bougainville region, Papua New Guinea",1
1995-10-09 15:35:53.910,19.055,-104.205,33,,8,mw,,1.3,"Colima, Mexico",1
1995-10-18 10:37:26.380,27.929,130.175,28.4,,7.1,mw,,1.2,"Ryukyu Islands, Japan",1
1995-11-01 00:35:32.700,-28.906,-71.417,19.9,,6.7,mw,,1.1,"Atacama, Chile",1
1995-11-22 04:15:11.940,28.826,34.799,10,,7.2,mw,,1.3,Egypt,1
1995-12-03 18:01:08.990,44.663,149.3,33,,7.9,mw,,1.1,Kuril Islands,1
1996-01-01 08:05:10.830,0.729,119.931,24,,7.9,mw,,1.2,"Minahasa, Sulawesi, Indonesia",1
1996-02-21 12:51:01.300,-9.593,-79.587,10,,7.5,mw,,1.2,off the coast of northern Peru,1
1996-02-25 03:08:15.870,15.978,-98.07,21.1,,7.1,mw,,1.2,"offshore Oaxaca, Mexico",1
1996-06-10 04:03:35.480,51.564,-177.632,33,,7.9,mwc,,0.9,"Andreanof Islands, Aleutian Islands, Alaska",1
1996-06-10 15:24:56.000,51.478,-176.847,26.3,,7.3,mwc,,1,"Andreanof Islands, Aleutian Islands, Alaska",1
1996-09-04 18:16:01.960,31.555,139.931,33,,5.7,mwc,,1.21,"Izu Islands, Japan region",1
1996-09-05 08:14:14.480,-22.118,-113.436,10,,6.9,mwc,,1.06,Easter Island region,1
1996-09-05 23:42:06.150,21.898,121.498,20,,6.8,mwc,,1.03,Taiwan region,1
1996-10-18 10:50:20.860,30.568,131.093,10,,6.6,mwc,,1.21,"Kyushu, Japan",1
1996-10-19 14:44:40.790,31.885,131.468,22,,6.7,mwc,,1.02,"Kyushu, Japan",1
1996-11-12 16:59:44.030,-14.993,-75.675,33,,7.7,mwc,,1.11,near the coast of central Peru,1
1996-12-02 22:17:59.240,31.789,131.314,49.2,,6.7,mwc,,1,"Kyushu, Japan",1
1997-04-21 12:02:26.430,-12.584,166.676,33,,7.7,mwc,,0.93,Santa Cruz Islands,1
1997-09-30 06:27:24.780,31.959,141.878,10,,6.2,mwb,,1.08,"Izu Islands, Japan region",1
1997-10-14 09:53:18.150,-22.101,-176.772,167.3,,7.8,mwb,,0.93,south of the Fiji Islands,1
1997-12-05 11:26:54.690,54.841,162.035,33,,7.8,mwc,,1.02,"near the east coast of the Kamchatka Peninsula, Russia",1
1998-05-03 23:30:21.910,22.306,125.308,33,,7.5,mwb,,0.99,southeast of Taiwan,1
1999-08-17 00:01:39.130,40.748,29.864,17,,7.6,mwc,,1.27,western Turkey,1
1999-11-26 13:21:15.570,-16.423,168.214,33,,7.5,mwc,,1.2,Vanuatu,1
2000-05-04 04:21:16.210,-1.105,123.573,26,,7.6,mwc,,1.14,"Sulawesi, Indonesia",1
2000-06-18 14:44:13.310,-13.802,97.453,10,,7.9,mwc,,1.16,South Indian Ocean,1
2000-07-01 07:01:55.580,34.221,139.131,10,,6.1,mwc,,1.04,"near the south coast of Honshu, Japan",1
2000-07-15 01:30:30.500,34.319,139.26,10,,6.1,mwc,,0.88,"near the south coast of Honshu, Japan",1
2000-07-30 12:25:45.570,33.901,139.376,10,,6.5,mwc,,0.94,"Izu Islands, Japan region",1
2000-11-16 04:54:56.740,-3.98,152.169,33,,8,mwc,,1.2,"New Ireland region, Papua New Guinea",1
2001-06-23 20:33:14.130,-16.265,-73.641,33,,8.4,mww,,1.05,near the coast of southern Peru,1
2001-10-12 05:02:34.000,52.63,-132.2,20,,6.1,mwc,,,"Haida Gwaii, Canada",1
2001-12-18 04:02:58.280,23.954,122.734,14,,6.8,mwc,,1.04,Taiwan region,1
2002-01-02 17:22:48.760,-17.6,167.856,21,,7.2,mwc,,0.9,Vanuatu,1
2002-03-05 21:16:09.130,6.033,124.249,31,,7.5,mwc,,0.95,"Mindanao, Philippines",1
2002-03-31 06:52:50.490,24.279,122.179,32.8,,7.1,mwc,,0.96,Taiwan region,1
2002-09-08 18:44:23.710,-3.302,142.945,13,,7.6,mwc,,1.16,"near the north coast of New Guinea, Papua New Guinea",1
2002-09-13 22:28:29.460,13.036,93.068,21,,6.5,mwc,,0.9,"Andaman Islands, India region",1
2003-01-20 08:43:06.070,-10.491,160.77,33,,7.3,mwc,,0.84,Solomon Islands,1
2003-01-22 02:06:34.610,18.77,-104.104,24,,7.6,mwb,,1.4,"offshore Colima, Mexico",1
2003-05-21 18:44:20.100,36.964,3.634,12,19.4,6.8,mwc,,1.13,northern Algeria,1
2003-05-27 17:11:28.820,36.939,3.578,8,44.2,5.8,mwb,,1.15,northern Algeria,1
2003-10-31 01:06:28.280,37.812,142.619,10,61.2,7,mwb,,0.8,"off the east coast of Honshu, Japan",1
2003-11-17 06:43:06.800,51.146,178.65,33,24,7.8,mwc,,1.11,"Rat Islands, Aleutian Islands, Alaska",1
2003-12-27 04:55:25.460,-22.107,169.35,10,38.8,6.1,mwc,,1.01,southeast of the Loyalty Islands,1
2004-01-28 22:15:30.700,-3.12,127.4,17.4,42.5,6.7,mwb,,1.07,"Seram, Indonesia",1
2004-02-11 08:15:03.830,31.675,35.551,26.7,99.7,5.3,mwc,,0.89,Dead Sea region,1
2004-09-05 10:07:07.820,33.07,136.618,14,28.4,7.2,mwc,,0.89,"near the south coast of western Honshu, Japan",1
2004-09-05 14:57:18.610,33.184,137.071,10,27.5,7.4,mwb,,0.91,"near the south coast of Honshu, Japan",1
2004-11-02 10:02:12.820,49.277,-128.772,10,37.3,6.7,mwb,,1.17,"Vancouver Island, Canada region",1
2004-11-11 21:26:41.150,-8.152,124.868,10,33.8,7.5,mwc,,1.07,"Kepulauan Alor, Indonesia",1
2004-11-21 11:41:07.760,15.679,-61.706,14,30,6.3,mwb,,0.97,"Dominica region, Leeward Islands",1
2004-11-22 20:26:23.900,-46.676,164.721,10,14.7,7.1,mwc,,1.13,off the west coast of the South Island of New Zealand,1
2004-11-28 18:32:14.130,43.006,145.119,39,23.9,7,mwb,,0.79,"Hokkaido, Japan region",1
2004-12-23 14:59:04.410,-49.312,161.345,10,59.3,8.1,mwc,,1.12,north of Macquarie Island,1
2004-12-26 00:58:53.450,3.295,95.982,30,22,9.1,mw,,1.17,2004 Sumatra - Andaman Islands Earthquake,1
2005-01-19 06:11:36.400,34.064,141.491,27.8,78.5,6.6,mwc,,1.2,"off the east coast of Honshu, Japan",1
2005-03-28 16:09:36.530,2.085,97.108,30,22.1,8.6,mww,,0.91,"northern Sumatra, Indonesia",1
2005-04-10 10:29:11.280,-1.644,99.607,19,21.2,6.7,mwc,,1.02,"Kepulauan Mentawai region, Indonesia",1
2005-06-15 02:50:54.190,41.292,-125.953,16,31.4,7.2,mwc,,1.2,off the coast of Northern California,1
2005-08-16 02:46:28.400,38.276,142.039,36,19.6,7.2,mwc,,0.95,"near the east coast of Honshu, Japan",1
2005-11-14 21:38:51.420,38.107,144.896,11,21.4,7,mwc,,0.86,"off the east coast of Honshu, Japan",1
2006-03-14 06:57:33.860,-3.595,127.214,30.1,21.3,6.7,mwb,,1.17,"Seram, Indonesia",1
2006-05-03 15:26:40.290,-20.187,-174.123,55,20.7,8,mwc,,1.18,Tonga,1
2006-07-17 08:19:26.680,-9.284,107.419,20,36.8,7.7,mwc,,1.16,"south of Java, Indonesia",1
2006-09-28 06:22:09.730,-16.592,-172.033,28,20.9,6.9,mwc,,0.92,Samoa Islands region,1
2006-10-15 17:07:49.250,19.878,-155.935,38.9,17.5,6.7,mwb,,,"Hawaii region, Hawaii",1
2006-11-15 11:14:13.570,46.592,153.266,10,20.9,8.3,mwc,,1.07,Kuril Islands,1
2006-12-26 12:26:21.140,21.799,120.547,10,29.1,7.1,mwb,,1,Taiwan region,1
2007-01-13 04:23:21.160,46.243,154.524,10,14,8.1,mwc,,1.12,east of the Kuril Islands,1
2007-03-25 00:40:01.610,-20.617,169.357,34,25.3,7.1,mwb,,1,Vanuatu,1
2007-03-25 00:41:57.820,37.336,136.588,8,23.9,6.7,mwc,,0.83,"near the west coast of Honshu, Japan",1
2007-04-01 20:39:58.710,-8.466,157.043,24,14.7,8.1,mwc,,1.32,Solomon Islands,1
2007-07-16 01:13:22.370,37.535,138.446,12,16.7,6.6,mwc,,0.97,"near the west coast of Honshu, Japan",1
2007-08-02 02:37:42.380,47.116,141.798,5,70.1,6.2,mwb,,1.08,"Tatar Strait, Russia",1
2007-08-02 03:21:42.820,51.307,-179.971,21,23.6,6.7,mwc,,0.97,"Andreanof Islands, Aleutian Islands, Alaska",1
2007-08-15 23:40:57.890,-13.386,-76.603,39,25.7,8,mwc,,0.86,near the coast of central Peru,1
2007-09-02 01:05:18.150,-11.61,165.762,35,21.3,7.2,mwc,,1.31,Santa Cruz Islands,1
2007-09-12 11:10:26.830,-4.438,101.367,34,32.3,8.4,mww,,1.03,"southern Sumatra, Indonesia",1
2007-09-30 05:23:34.070,-49.271,164.115,10,16.6,7.4,mwc,,1.19,"Auckland Islands, New Zealand region",1
2007-11-14 15:40:50.530,-22.247,-69.89,40,22.4,7.7,mwc,,1.11,"Antofagasta, Chile",1
2007-12-09 07:28:20.820,-25.996,-177.514,152.5,11.8,7.8,mwc,,1.12,south of the Fiji Islands,1
2008-02-25 08:36:33.030,-2.486,99.972,25,18.4,7.2,mwc,,1.22,"Kepulauan Mentawai region, Indonesia",1
2008-04-09 12:46:12.720,-20.071,168.892,33,13.4,7.3,mwc,,1.29,"Loyalty Islands, New Caledonia",1
2008-07-19 02:39:28.700,37.552,142.214,22,18.2,7,mwc,,0.84,"off the east coast of Honshu, Japan",1
2008-09-11 00:20:50.920,41.892,143.754,25,22.2,6.8,mwc,,1.08,"Hokkaido, Japan region",1
2008-11-16 17:02:32.700,1.271,122.091,30,33.7,7.4,mww,,1.1,"Minahasa, Sulawesi, Indonesia",1
2009-01-03 19:43:50.650,-0.414,132.885,17,29.8,7.7,mwc,,1.27,"near the north coast of Papua, Indonesia",1
2009-01-15 17:49:39.070,46.857,155.154,36,15.6,7.4,mwc,,0.91,east of the Kuril Islands,1
2009-02-11 17:34:50.490,3.886,126.387,20,18.6,7.2,mwc,,1.14,"Kepulauan Talaud, Indonesia",1
2009-03-19 18:17:40.470,-23.043,-174.66,31,14,7.6,mwc,,1,Tonga region,1
2009-05-28 08:24:46.560,16.731,-86.217,19,27.2,7.3,mwc,,1.12,offshore Honduras,1
2009-07-01 09:30:10.410,34.164,25.471,19,20.5,6.4,mwc,,0.82,"Crete, Greece",1
2009-07-15 09:22:29.030,-45.762,166.562,12,16.8,7.8,mwc,,,off the west coast of the South Island of New Zealand,1
2009-08-10 19:55:38.730,14.099,92.902,24,18.2,7.5,mwc,,1.03,"Andaman Islands, India region",1
2009-08-16 07:38:21.700,-1.479,99.49,20,14.9,6.7,mwc,,1.07,"Kepulauan Mentawai region, Indonesia",1
2009-09-29 17:48:10.990,-15.489,-172.095,18,20.8,8.1,mwc,,1.01,Samoa Islands region,1
2009-09-30 10:16:09.250,-0.72,99.867,81,14,7.6,mwc,,0.92,"southern Sumatra, Indonesia",1
2009-10-07 22:03:14.470,-13.006,166.51,45,23.2,7.7,mww,,1.31,Vanuatu,1
2010-01-03 21:48:02.870,-8.726,157.487,10,16.6,6.6,mwc,,1.24,Solomon Islands,1
2010-01-03 22:36:25.640,-8.783,157.354,10,15,7.1,mwc,,1.09,Solomon Islands,1
2010-01-05 12:15:32.210,-9.019,157.551,15.4,15,6.8,mwc,,1.16,Solomon Islands,1
2010-02-27 06:34:11.530,-36.122,-72.898,22.9,17.8,8.8,mww,,1.09,"offshore Bio-Bio, Chile",1
2010-03-11 14:39:43.950,-34.29,-71.891,11,12.5,6.9,mwc,,0.85,"Libertador General Bernardo O'Higgins, Chile",1
2010-04-06 22:15:01.580,2.383,97.048,31,19.2,7.8,mwc,,1.19,"northern Sumatra, Indonesia",1
2010-06-12 19:26:50.460,7.881,91.936,35,18.6,7.5,mwc,,1.1,"Nicobar Islands, India region",1
2010-08-10 05:23:44.980,-17.541,168.069,25,20.2,7.3,mwc,,1.25,Vanuatu,1
2010-08-13 21:19:34.090,12.487,141.474,16,10.4,6.9,mwc,,1.35,Mariana Islands region,1
2010-10-25 14:42:22.460,-3.487,100.082,20.1,23,7.8,mwc,,1.17,"Kepulauan Mentawai region, Indonesia",1
2010-12-21 17:19:40.660,26.901,143.698,14,13,7.4,mwc,,0.99,"Bonin Islands, Japan region",1
2010-12-25 13:16:37.000,-19.702,167.947,16,12,7.3,mwc,,1.17,Vanuatu region,1
2011-01-09 10:03:43.990,-19.155,168.312,22,20.8,6.5,mww,,1.02,Vanuatu,1
2011-02-11 20:05:30.910,-36.422,-72.96,26,34.7,6.9,mww,,1.27,"offshore Bio-Bio, Chile",1
2011-03-11 05:46:24.120,38.297,142.373,29,9.5,9.1,mww,,1.16,"2011 Great Tohoku Earthquake, Japan",1
2011-04-07 14:32:43.290,38.276,141.588,42,17.7,7.1,mww,,0.94,"near the east coast of Honshu, Japan",1
2011-06-24 03:09:39.470,52.05,-171.836,52,15.3,7.3,mww,,1.05,"Fox Islands, Aleutian Islands, Alaska",1
2011-07-06 19:03:18.260,-29.539,-176.34,17,33.5,7.6,mww,,1.17,Kermadec Islands region,1
2011-07-10 00:57:10.800,38.034,143.264,23,12.4,7,mww,,1.04,"off the east coast of Honshu, Japan",1
2011-08-20 16:55:02.810,-18.365,168.143,32,18.4,7.2,mww,,1.26,Vanuatu,1
2011-08-20 18:19:23.550,-18.311,168.218,28,12.3,7.1,mww,,1.07,Vanuatu,1
2011-09-02 10:55:53.590,52.171,-171.708,32,19.5,6.9,mww,,1.41,"Fox Islands, Aleutian Islands, Alaska",1
2011-10-21 17:57:16.100,-28.993,-176.238,33,14.8,7.4,mww,,0.87,Kermadec Islands region,1
2012-02-02 13:34:40.650,-17.827,167.133,23,12,7.1,mww,,1.07,Vanuatu,1
2012-03-14 09:08:35.140,40.887,144.944,12,18.8,6.9,mww,,0.88,"off the east coast of Honshu, Japan",1
2012-03-20 18:02:47.440,16.493,-98.231,20,37.9,7.4,mww,,0.98,"Oaxaca, Mexico",1
2012-04-11 08:38:36.720,2.327,93.063,20,16.6,8.6,mw,,1.33,off the west coast of northern Sumatra,1
2012-04-11 10:43:10.850,0.802,92.463,25.1,14.9,8.2,mwc,,0.9,off the west coast of northern Sumatra,1
2012-08-27 04:37:19.430,12.139,-88.59,28,37,7.3,mww,,1.3,off the coast of El Salvador,1
2012-08-31 12:47:33.380,10.811,126.638,28,10.2,7.6,mww,,1.02,Philippine Islands region,1
2012-09-05 14:42:07.800,10.085,-85.315,35,34.3,7.6,mww,,1.2,Costa Rica,1
2012-10-28 03:04:08.820,52.788,-132.101,14,42.7,7.8,mww,,0.99,"Haida Gwaii, Canada",1
2012-11-07 16:35:46.930,13.988,-91.895,24,25.5,7.4,mww,,1.27,offshore Guatemala,1
2012-12-07 08:18:23.130,37.89,143.949,31,14.8,7.3,mww,,0.91,"off the east coast of Honshu, Japan",1
2013-01-05 08:58:14.957,55.228,-134.8591,8.7,,7.5,mw,,1.51,Southeastern Alaska,1
2013-02-06 01:12:25.830,-10.799,165.114,24,20.9,8,mww,,1.29,"76km W of Lata, Solomon Islands",1
2013-02-08 15:26:38.470,-10.928,166.018,21,16.5,7.1,mww,,0.92,"31km SE of Lata, Solomon Islands",1
2013-07-21 05:09:31.450,-41.704,174.337,17,20,6.5,mww,,0.85,"46km ESE of Blenheim, New Zealand",1
2013-08-16 02:31:05.750,-41.734,174.152,8.2,,6.5,mww,,1.19,"29km SE of Blenheim, New Zealand",1
2013-10-25 17:10:19.710,37.1557,144.6611,35,10,7.1,mww,3.968,1.01,"Off the east coast of Honshu, Japan",1
2013-11-17 09:04:55.530,-60.2738,-46.4011,10,23,7.7,mww,8.05,1.33,Scotia Sea,1
2014-03-16 21:16:29.600,-19.9807,-70.7022,20,44,6.7,mww,1.008,0.83,"64km WNW of Iquique, Chile",1
2014-04-01 23:46:47.260,-19.6097,-70.7691,25,23,8.2,mww,0.609,0.66,"94km NW of Iquique, Chile",1
2014-04-03 02:43:13.110,-20.5709,-70.4931,22.4,44,7.7,mww,1.029,0.82,"53km SW of Iquique, Chile",1
2014-04-12 20:14:39.300,-11.2701,162.1481,22.56,13,7.6,mww,2.828,0.71,"93km SSE of Kirakira, Solomon Islands",1
2014-04-13 12:36:19.230,-11.4633,162.0511,39,17,7.4,mww,2.885,1,"112km S of Kirakira, Solomon Islands",1
2014-04-18 14:27:24.920,17.397,-100.9723,24,46,7.2,mww,2.25,1.2,"33km ESE of Petatlan, Mexico",1
2014-04-19 13:28:00.810,-6.7547,155.0241,43.37,16,7.5,mww,3.82,1.25,"70km SW of Panguna, Papua New Guinea",1
2014-06-23 19:19:15.940,-29.9772,-177.7247,20,35,6.9,mww,0.751,0.99,"80km SSE of Raoul Island, New Zealand",1
2014-06-23 20:53:09.700,51.8486,178.7352,109,22,7.9,mww,0.133,0.71,"19km SE of Little Sitkin Island, Alaska",1
2014-07-11 19:22:00.820,37.0052,142.4525,20,9,6.5,mww,2.421,0.75,"139km E of Iwaki, Japan",1
2014-10-09 02:14:31.440,-32.1082,-110.8112,16.54,22,7,mww,5.127,0.43,Southern East Pacific Rise,1
2014-10-14 03:51:34.460,12.5262,-88.1225,40,18,7.3,mww,1.078,0.7,"74km S of Intipuca, El Salvador",1
2015-02-16 23:06:28.270,39.8558,142.8808,23,20,6.7,mww,1.925,0.94,"83km ENE of Miyako, Japan",1
2015-02-19 13:18:32.810,-16.4311,168.1483,10,33,6.4,mww,1.335,1.02,"85km ESE of Lakatoro, Vanuatu",1
2015-03-29 23:48:31.010,-4.7294,152.5623,41,19,7.5,mww,0.666,1.32,"53km SE of Kokopo, Papua New Guinea",1
2015-07-10 04:12:42.540,-9.307,158.403,12,11,6.7,mww,1.529,1.11,"155km SSW of Dadali, Solomon Islands",1
2015-07-18 02:27:33.820,-10.4012,165.1409,11,22,7,mww,5.205,1.09,"83km WNW of Lata, Solomon Islands",1
2015-07-27 04:49:46.400,52.376,-169.4458,29,39,6.9,mww,0.444,1.12,"73km SSW of Nikolski, Alaska",1
2015-09-16 22:54:32.860,-31.5729,-71.6744,22.44,19,8.3,mww,0.684,1.02,"48km W of Illapel, Chile",1
2015-11-11 01:54:38.570,-29.5067,-72.0068,12,32,6.9,mww,0.784,1.08,"81km NW of Coquimbo, Chile",1
2015-11-13 20:51:31.030,31.0009,128.8729,12,17,6.7,mww,1.444,1.25,"140km WSW of Makurazaki, Japan",1
2016-03-02 12:49:48.110,-4.9521,94.3299,24,20,7.8,mww,7.009,1.14,"Southwest of Sumatra, Indonesia",1
2016-04-16 23:58:36.980,0.3819,-79.9218,20.59,15,7.8,mww,1.44,0.94,"27km SSE of Muisne, Ecuador",1
2016-08-12 01:26:36.280,-22.4765,173.1167,16.37,14,7.2,mww,4.823,0.9,"110km E of Ile Hunter, New Caledonia",1
2016-09-01 16:37:57.300,-37.3586,179.1461,19,21,7,mww,0.698,0.88,"175km NE of Gisborne, New Zealand",1
2016-11-13 11:02:56.340,-42.7373,173.054,15.11,21,7.8,mww,0.481,0.56,"54km NNE of Amberley, New Zealand",1
2016-11-21 20:59:49.270,37.3931,141.387,9,10,6.9,mww,0.671,0.77,"35km ESE of Namie, Japan",1
2016-11-24 18:43:47.710,11.9097,-88.8968,10,20,6.9,mww,1.796,1.02,"156km SSW of Puerto El Triunfo, El Salvador",1
2016-12-08 17:38:46.280,-10.6812,161.3273,40,13,7.8,mww,1.836,0.88,"69km WSW of Kirakira, Solomon Islands",1
2016-12-09 19:10:06.840,-10.749,161.1316,19.73,26,6.9,mww,1.747,0.88,"92km WSW of Kirakira, Solomon Islands",1
2016-12-17 10:51:10.500,-4.5049,153.5216,94.54,13,7.9,mww,1.389,0.97,"54km E of Taron, Papua New Guinea",1
2016-12-25 14:22:27.010,-43.4064,-73.9413,38,29,7.6,mww,0.355,0.79,"41km SW of Puerto Quellon, Chile",1
2017-01-03 21:52:30.670,-19.3733,176.0518,12,13,6.9,mww,2.495,0.9,"226km SW of Nadi, Fiji",1
2017-01-22 04:30:22.960,-6.2464,155.1718,135,9,7.9,mww,3.625,1.22,"35km WNW of Panguna, Papua New Guinea",1
2017-04-24 21:38:30.820,-33.0375,-72.0617,28,39,6.9,mww,0.356,0.73,"40km W of Valparaiso, Chile",1
2017-04-28 20:23:17.260,5.5043,125.0658,26,14,6.9,mww,1.636,0.99,"31km SW of Burias, Philippines",1
2017-05-01 12:31:55.590,59.8209,-136.7114,10,28,6.2,mww,0.554,0.96,"88km WNW of Skagway, Alaska",1
2017-06-12 12:28:39.150,38.9296,26.365,12,55,6.3,mww,1.77,0.76,"5km S of Plomarion, Greece",1
2017-07-17 23:34:13.740,54.4434,168.857,10,13,7.7,mww,3.564,0.68,"202km ESE of Nikol'skoye, Russia",1
2017-09-08 04:49:19.180,15.0222,-93.8993,47.39,22,8.2,mww,0.944,1.22,"101km SSW of Tres Picos, Mexico",1
2017-11-01 02:23:57.670,-21.6484,168.8585,22,29,6.6,mww,0.788,1.39,"101km E of Tadine, New Caledonia",1
2017-11-19 22:43:29.250,-21.3246,168.6715,10,14,7,mww,0.617,0.65,"85km ENE of Tadine, New Caledonia",1
2018-01-10 02:51:33.290,17.4825,-83.52,19,12,7.5,mww,4.581,0.82,"44km E of Great Swan Island, Honduras",1
2018-01-14 09:18:45.540,-15.7675,-74.7092,39,23,7.1,mww,4.29,1.2,"38km SSW of Acari, Peru",1
2018-01-23 09:31:40.890,56.0039,-149.1658,14.06,30,7.9,mww,2.585,0.77,"280km SE of Kodiak, Alaska",1
2018-08-05 11:46:38.630,-8.2581,116.4375,34,15,6.9,mww,2.271,1.05,"0km SW of Loloan, Indonesia",1
2018-08-19 00:19:40.670,-18.1125,-178.153,600,13,8.2,mww,3.63,0.79,"286km NNE of Ndoi Island, Fiji",1
2018-08-29 03:51:56.100,-22.0295,170.1262,21.43,23,7.1,mww,2.548,0.98,"202km WNW of Ile Hunter, New Caledonia",1
2018-10-25 22:54:52.630,37.5203,20.5565,14,15,6.8,mww,2.268,0.82,"32km SW of Mouzaki, Greece",1
2018-12-05 04:18:08.420,-21.9496,169.4266,10,18,7.5,mww,2.405,0.74,"165km ESE of Tadine, New Caledonia",1
2019-06-14 00:19:12.401,-30.0557,-72.0819,11,30,6.4,mww,0.727,0.87,"72km W of Coquimbo, Chile",1
2019-06-15 22:55:04.130,-30.6441,-178.0995,46,11,7.3,mww,1.402,0.81,"116km NE of L'Esperance Rock, New Zealand",1
2019-06-18 13:22:19.010,38.6391,139.4769,12,33,6.4,mww,1.288,0.87,"31km WSW of Tsuruoka, Japan",1
